;patch-acc;cls-acc;dataset
1;0.7398894736842105;0.6774642105263158;inet-c-sev-1
2;0.6736168421052632;0.6153547368421052;inet-c-sev-2
3;0.5997084210526316;0.5485157894736843;inet-c-sev-3
4;0.4974494736842105;0.45614842105263154;inet-c-sev-4
5;0.3672852631578947;0.33830947368421055;inet-c-sev-5
0;0.81774;0.74644;inet_1k_val
1;0.4062;0.42433333333333334;inet_r
2;0.7969;0.7294;inet_v2_70
3;0.7277;0.6686;inet_v2_mf
4;0.8326;0.7635;inet_v2_top
